Município,N.ciclos_maior_80_imóv.contr.dengue
110001 Alta Floresta D'Oeste,1
110037 Alto Alegre dos Parecis,2
110002 Ariquemes,2
110045 Buritis,4
110003 Cabixi,4
110060 Cacaulândia,4
110070 Campo Novo de Rondônia,4
110090 Castanheiras,3
110092 Chupinguaia,4
110007 Corumbiara,4
110009 Espigão D'Oeste,1
110010 Guajará-Mirim,1
110110 Itapuã do Oeste,1
110011 Jaru,3
110130 Mirante da Serra,4
110140 Monte Negro,1
110014 Nova Brasilândia D'Oeste,4
110033 Nova Mamoré,1
110015 Ouro Preto do Oeste,4
110018 Pimenta Bueno,4
110025 Presidente Médici,2
110147 Primavera de Rondônia,1
110026 Rio Crespo,2
110029 Santa Luzia D'Oeste,1
110160 Theobroma,4
110175 Vale do Anari,3
110180 Vale do Paraíso,4
120001 Acrelândia,4
120010 Brasiléia,4
120017 Capixaba,4
120020 Cruzeiro do Sul,2
120025 Epitaciolândia,4
120038 Plácido de Castro,4
120080 Porto Acre,3
120040 Rio Branco,4
120045 Senador Guiomard,4
120070 Xapuri,4
130014 Apuí,3
130040 Barcelos,4
130070 Boca do Acre,3
130080 Borba,4
130110 Careiro,4
130120 Coari,1
130170 Humaitá,3
130185 Iranduba,1
130195 Itamarati,3
130240 Lábrea,4
130250 Manacapuru,2
130270 Manicoré,1
130290 Maués,2
130300 Nhamundá,2
130310 Nova Olinda do Norte,1
130320 Novo Airão,1
130330 Novo Aripuanã,4
130340 Parintins,1
130356 Rio Preto da Eva,3
130360 Santa Isabel do Rio Negro,4
130380 São Gabriel da Cachoeira,2
130410 Tapauá,4
130420 Tefé,4
140010 Boa Vista,1
140015 Bonfim,4
140020 Caracaraí,2
140023 Caroebe,4
140028 Iracema,1
140030 Mucajaí,3
140047 Rorainópolis,3
140060 São Luiz,3
150013 Abel Figueiredo,2
150120 Baião,4
150150 Benevides,3
150157 Bom Jesus do Tocantins,4
150220 Capanema,2
150230 Capitão Poço,4
150277 Curionópolis,3
150300 Faro,2
150307 Garrafão do Norte,4
150309 Goianésia do Pará,4
150345 Ipixuna do Pará,1
150350 Irituia,4
150360 Itaituba,1
150370 Itupiranga,2
150390 Juruti,4
150400 Limoeiro do Ajuru,4
150405 Mãe do Rio,2
150480 Monte Alegre,3
150497 Nova Ipixuna,4
150506 Novo Repartimento,4
150520 Oeiras do Pará,2
150530 Oriximiná,2
150549 Palestina do Pará,4
150550 Paragominas,4
150563 Piçarra,4
150570 Ponta de Pedras,1
150618 Rondon do Pará,3
150619 Rurópolis,4
150630 Salvaterra,1
150660 Santa Maria do Pará,4
150750 São João do Araguaia,3
150760 São Miguel do Guamá,4
150790 Soure,3
150810 Tucuruí,4
150812 Ulianópolis,4
170025 Abreulândia,4
170030 Aguiarnópolis,4
170035 Aliança do Tocantins,4
170040 Almas,4
170070 Alvorada,4
170100 Ananás,4
170105 Angico,4
170110 Aparecida do Rio Negro,4
170130 Aragominas,4
170190 Araguacema,4
170200 Araguaçu,3
170210 Araguaína,4
170215 Araguanã,3
170220 Araguatins,4
170230 Arapoema,4
170240 Arraias,4
170255 Augustinópolis,4
170290 Axixá do Tocantins,4
170300 Babaçulândia,4
170305 Bandeirantes do Tocantins,4
170307 Barra do Ouro,1
170320 Bernardo Sayão,4
170330 Bom Jesus do Tocantins,3
170360 Brasilândia do Tocantins,4
170370 Brejinho de Nazaré,4
170380 Buriti do Tocantins,4
170382 Cachoeirinha,1
170384 Campos Lindos,4
170386 Cariri do Tocantins,4
170388 Carmolândia,4
170389 Carrasco Bonito,2
170390 Caseara,4
170410 Centenário,4
170510 Chapada da Natividade,4
170460 Chapada de Areia,4
170550 Colinas do Tocantins,4
171670 Colméia,4
170555 Combinado,4
170560 Conceição do Tocantins,4
170600 Couto Magalhães,2
170610 Cristalândia,4
170625 Crixás do Tocantins,4
170650 Darcinópolis,4
170700 Dianópolis,4
170710 Divinópolis do Tocantins,3
170720 Dois Irmãos do Tocantins,4
170730 Dueré,4
170740 Esperantina,4
170755 Fátima,4
170765 Figueirópolis,4
170770 Filadélfia,1
170820 Formoso do Araguaia,4
170825 Fortaleza do Tabocão,4
170830 Goianorte,4
170900 Goiatins,4
170930 Guaraí,4
170950 Gurupi,4
170980 Ipueiras,3
171050 Itacajá,4
171070 Itaguatins,4
171090 Itapiratins,4
171110 Itaporã do Tocantins,4
171150 Jaú do Tocantins,4
171180 Juarina,4
171190 Lagoa da Confusão,4
171195 Lagoa do Tocantins,4
171200 Lajeado,4
171215 Lavandeira,4
171240 Lizarda,4
171245 Luzinópolis,4
171250 Marianópolis do Tocantins,4
171270 Mateiros,3
171280 Maurilândia do Tocantins,3
171320 Miracema do Tocantins,4
171330 Miranorte,4
171360 Monte do Carmo,4
171370 Monte Santo do Tocantins,4
171395 Muricilândia,4
171420 Natividade,4
171430 Nazaré,3
171488 Nova Olinda,4
171500 Nova Rosalândia,4
171510 Novo Acordo,4
171515 Novo Alegre,4
171525 Novo Jardim,3
171550 Oliveira de Fátima,4
172100 Palmas,4
171570 Palmeirante,1
171575 Palmeirópolis,2
171610 Paraíso do Tocantins,4
171620 Paranã,1
171630 Pau D'Arco,3
171650 Pedro Afonso,4
171660 Peixe,4
171665 Pequizeiro,3
171700 Pindorama do Tocantins,4
171720 Piraquê,4
171750 Pium,4
171780 Ponte Alta do Bom Jesus,4
171790 Ponte Alta do Tocantins,2
171800 Porto Alegre do Tocantins,4
171820 Porto Nacional,4
171830 Praia Norte,4
171840 Presidente Kennedy,4
171845 Pugmil,4
171850 Recursolândia,4
171855 Riachinho,4
171865 Rio da Conceição,4
171870 Rio dos Bois,4
171875 Rio Sono,3
171880 Sampaio,2
171884 Sandolândia,4
171886 Santa Fé do Araguaia,4
171888 Santa Maria do Tocantins,4
171889 Santa Rita do Tocantins,4
171890 Santa Rosa do Tocantins,4
172000 Santa Terezinha do Tocantins,4
172010 São Bento do Tocantins,1
172015 São Félix do Tocantins,3
172020 São Miguel do Tocantins,4
172025 São Salvador do Tocantins,1
172030 São Sebastião do Tocantins,3
172049 São Valério,4
172065 Silvanópolis,3
172080 Sítio Novo do Tocantins,4
172085 Sucupira,4
172090 Taguatinga,4
172093 Taipas do Tocantins,4
172097 Talismã,4
172110 Tocantínia,4
172120 Tocantinópolis,4
172125 Tupirama,4
172208 Wanderlândia,4
172210 Xambioá,4
210005 Açailândia,4
210010 Afonso Cunha,4
210043 Alto Alegre do Maranhão,2
210047 Alto Alegre do Pindaré,1
210050 Alto Parnaíba,3
210060 Amarante do Maranhão,4
210070 Anajatuba,3
210080 Anapurus,3
210083 Apicum-Açu,4
210087 Araguanã,4
210095 Arame,4
210100 Arari,4
210110 Axixá,2
210125 Bacabeira,1
210140 Balsas,3
210150 Barão de Grajaú,3
210170 Barreirinhas,4
210177 Bela Vista do Maranhão,3
210193 Bernardo do Mearim,4
210197 Boa Vista do Gurupi,2
210203 Bom Jesus das Selvas,4
210207 Bom Lugar,4
210210 Brejo,3
210215 Brejo de Areia,4
210230 Buriti Bravo,3
210232 Buriticupu,4
210235 Buritirana,4
210237 Cachoeira Grande,3
210250 Cajari,2
210255 Campestre do Maranhão,1
210260 Cândido Mendes,4
210270 Cantanhede,3
210275 Capinzal do Norte,4
210280 Carolina,4
210290 Carutapera,4
210300 Caxias,1
210310 Cedral,4
210315 Centro do Guilherme,2
210317 Centro Novo do Maranhão,2
210325 Cidelândia,4
210330 Codó,4
210340 Coelho Neto,4
210355 Conceição do Lago-Açu,4
210375 Davinópolis,4
210380 Dom Pedro,4
210390 Duque Bacelar,4
210400 Esperantinópolis,4
210405 Estreito,4
210409 Formosa da Serra Negra,4
210430 Godofredo Viana,4
210440 Gonçalves Dias,3
210450 Governador Archer,4
210455 Governador Edison Lobão,4
210460 Governador Eugênio Barros,4
210462 Governador Luiz Rocha,3
210465 Governador Newton Bello,1
210467 Governador Nunes Freire,2
210490 Guimarães,2
210510 Icatu,4
210515 Igarapé do Meio,3
210520 Igarapé Grande,4
210530 Imperatriz,4
210542 Itinga do Maranhão,4
210545 Jatobá,4
210550 João Lisboa,4
210560 Joselândia,4
210580 Lago do Junco,1
210594 Lago dos Rodrigues,4
210590 Lago Verde,4
210592 Lagoa do Mato,2
210598 Lajeado Novo,4
210600 Lima Campos,4
210610 Loreto,3
210620 Luís Domingues,4
210630 Magalhães de Almeida,4
210632 Maracaçumé,3
210637 Maranhãozinho,3
210640 Mata Roma,4
210660 Matões,2
210663 Matões do Norte,4
210667 Milagres do Maranhão,4
210690 Monção,3
210700 Montes Altos,2
210710 Morros,3
210720 Nina Rodrigues,4
210725 Nova Colinas,4
210730 Nova Iorque,4
210735 Nova Olinda do Maranhão,4
210740 Olho d'Água das Cunhãs,4
210745 Olinda Nova do Maranhão,4
210770 Paraibano,4
210810 Paulo Ramos,4
210840 Peri Mirim,2
210845 Peritoró,4
210870 Pio XII,2
210880 Pirapemas,1
210890 Poção de Pedras,2
210900 Porto Franco,4
210905 Porto Rico do Maranhão,4
210923 Presidente Médici,4
210927 Presidente Sarney,3
210950 Riachão,4
210955 Ribamar Fiquene,4
210970 Sambaíba,2
210975 Santa Filomena do Maranhão,3
210980 Santa Helena,3
211003 Santa Luzia do Paruá,4
211010 Santa Quitéria do Maranhão,4
211020 Santa Rita,1
211023 Santana do Maranhão,4
211030 Santo Antônio dos Lopes,3
211040 São Benedito do Rio Preto,4
211060 São Bernardo,4
211065 São Domingos do Azeitão,4
211070 São Domingos do Maranhão,4
211080 São Félix de Balsas,3
211085 São Francisco do Brejão,4
211090 São Francisco do Maranhão,4
211102 São João do Carú,3
211140 São Luís Gonzaga do Maranhão,4
211153 São Pedro da Água Branca,3
211160 São Raimundo das Mangabeiras,4
211172 Satubinha,4
211176 Senador La Rocque,4
211178 Serrano do Maranhão,3
211195 Sucupira do Riachão,4
211200 Tasso Fragoso,3
211210 Timbiras,2
211220 Timon,4
211223 Trizidela do Vale,4
211227 Tufilândia,2
211240 Turiaçu,4
211245 Turilândia,4
211250 Tutóia,1
211260 Urbano Santos,3
211270 Vargem Grande,4
211280 Viana,1
211285 Vila Nova dos Martírios,4
211290 Vitória do Mearim,4
211300 Vitorino Freire,1
220010 Agricolândia,1
220120 Barras,4
220157 Belém do Piauí,4
220173 Betânia do Piauí,3
220220 Campo Maior,4
220240 Capitão de Campos,4
220260 Castelo do Piauí,4
220465 Ilha Grande,4
220520 Jaicós,4
220770 Parnaíba,3
220820 Pio IX,2
220840 Piripiri,3
220985 São João da Canabrava,3
221030 São Julião,1
221080 Simplício Mendes,4
221100 Teresina,2
221130 Valença do Piauí,3
221160 Vila Nova do Piauí,3
230010 Abaiara,4
230015 Acarape,3
230020 Acaraú,4
230030 Acopiara,4
230040 Aiuaba,4
230050 Alcântaras,4
230060 Altaneira,4
230070 Alto Santo,4
230075 Amontada,2
230080 Antonina do Norte,4
230090 Apuiarés,4
230100 Aquiraz,1
230110 Aracati,2
230120 Aracoiaba,1
230125 Ararendá,4
230130 Araripe,4
230140 Aratuba,3
230150 Arneiroz,4
230160 Assaré,4
230170 Aurora,4
230180 Baixio,4
230190 Barbalha,2
230195 Barreira,3
230200 Barro,4
230205 Barroquinha,3
230210 Baturité,2
230220 Beberibe,3
230230 Bela Cruz,3
230240 Boa Viagem,4
230250 Brejo Santo,4
230260 Camocim,3
230270 Campos Sales,4
230280 Canindé,2
230290 Capistrano,2
230300 Caridade,4
230310 Cariré,4
230320 Caririaçu,4
230330 Cariús,3
230340 Carnaubal,3
230350 Cascavel,4
230360 Catarina,4
230365 Catunda,4
230370 Caucaia,3
230380 Cedro,4
230390 Chaval,4
230393 Choró,4
230395 Chorozinho,2
230400 Coreaú,3
230410 Crateús,4
230420 Crato,4
230423 Croatá,4
230425 Cruz,4
230427 Ererê,4
230428 Eusébio,3
230430 Farias Brito,3
230435 Forquilha,4
230445 Fortim,2
230450 Frecheirinha,4
230460 General Sampaio,4
230465 Graça,4
230470 Granja,2
230480 Granjeiro,4
230490 Groaíras,4
230495 Guaiúba,4
230500 Guaraciaba do Norte,2
230520 Hidrolândia,4
230523 Horizonte,2
230526 Ibaretama,4
230530 Ibiapina,4
230533 Ibicuitinga,3
230535 Icapuí,2
230540 Icó,3
230550 Iguatu,3
230560 Independência,4
230565 Ipaporanga,4
230570 Ipaumirim,4
230580 Ipu,4
230590 Ipueiras,4
230600 Iracema,3
230610 Irauçuba,4
230620 Itaiçaba,2
230625 Itaitinga,3
230630 Itapagé,4
230640 Itapipoca,3
230650 Itapiúna,1
230655 Itarema,4
230660 Itatira,3
230670 Jaguaretama,4
230700 Jaguaruana,4
230710 Jardim,4
230720 Jati,4
230725 Jijoca de Jericoacoara,2
230730 Juazeiro do Norte,2
230740 Jucás,3
230750 Lavras da Mangabeira,3
230760 Limoeiro do Norte,1
230763 Madalena,4
230765 Maracanaú,2
230770 Maranguape,3
230780 Marco,4
230790 Martinópole,1
230800 Massapê,4
230810 Mauriti,3
230820 Meruoca,4
230830 Milagres,4
230835 Milhã,4
230837 Miraíma,4
230840 Missão Velha,2
230850 Mombaça,4
230860 Monsenhor Tabosa,4
230880 Moraújo,4
230890 Morrinhos,4
230900 Mucambo,4
230920 Nova Olinda,4
230930 Nova Russas,3
230940 Novo Oriente,4
230945 Ocara,2
230950 Orós,4
230960 Pacajus,2
230970 Pacatuba,2
230980 Pacoti,2
230990 Pacujá,4
231000 Palhano,4
231010 Palmácia,4
231020 Paracuru,4
231025 Paraipaba,2
231030 Parambu,4
231040 Paramoti,3
231050 Pedra Branca,4
231060 Penaforte,4
231070 Pentecoste,4
231080 Pereiro,3
231085 Pindoretama,4
231090 Piquet Carneiro,4
231095 Pires Ferreira,4
231100 Poranga,4
231110 Porteiras,4
231120 Potengi,4
231123 Potiretama,4
231126 Quiterianópolis,4
231130 Quixadá,3
231135 Quixelô,4
231140 Quixeramobim,3
231150 Quixeré,3
231160 Redenção,1
231170 Reriutaba,4
231180 Russas,2
231190 Saboeiro,4
231195 Salitre,4
231220 Santa Quitéria,3
231200 Santana do Acaraú,4
231210 Santana do Cariri,4
231240 São Gonçalo do Amarante,4
231250 São João do Jaguaribe,3
231260 São Luís do Curu,4
231270 Senador Pompeu,4
231280 Senador Sá,4
231290 Sobral,2
231300 Solonópole,2
231310 Tabuleiro do Norte,4
231320 Tamboril,4
231325 Tarrafas,3
231330 Tauá,4
231335 Tejuçuoca,4
231340 Tianguá,3
231350 Trairi,3
231355 Tururu,3
231360 Ubajara,4
231370 Umari,4
231375 Umirim,3
231380 Uruburetama,4
231390 Uruoca,3
231395 Varjota,4
231400 Várzea Alegre,4
231410 Viçosa do Ceará,4
240010 Acari,1
240020 Açu,1
240030 Afonso Bezerra,1
240040 Água Nova,2
240050 Alexandria,3
240060 Almino Afonso,4
240070 Alto do Rodrigues,4
240080 Angicos,4
240090 Antônio Martins,4
240100 Apodi,3
240110 Areia Branca,2
240120 Arês,4
240130 Augusto Severo,1
240140 Baía Formosa,4
240145 Baraúna,4
240150 Barcelona,4
240160 Bento Fernandes,4
240170 Bom Jesus,2
240180 Brejinho,1
240185 Caiçara do Norte,4
240190 Caiçara do Rio do Vento,2
240200 Caicó,3
240210 Campo Redondo,3
240220 Canguaretama,2
240230 Caraúbas,2
240240 Carnaúba dos Dantas,4
240250 Carnaubais,3
240260 Ceará-Mirim,2
240270 Cerro Corá,3
240280 Coronel Ezequiel,4
240290 Coronel João Pessoa,1
240300 Cruzeta,3
240310 Currais Novos,4
240320 Doutor Severiano,1
240330 Encanto,2
240340 Equador,3
240350 Espírito Santo,4
240380 Florânia,3
240390 Francisco Dantas,4
240400 Frutuoso Gomes,2
240420 Goianinha,2
240430 Governador Dix-Sept Rosado,4
240440 Grossos,4
240450 Guamaré,2
240460 Ielmo Marinho,3
240470 Ipanguaçu,3
240480 Ipueira,1
240485 Itajá,2
240490 Itaú,2
240500 Jaçanã,1
240520 Janduís,2
240530 Januário Cicco,2
240560 Jardim de Piranhas,1
240570 Jardim do Seridó,4
240580 João Câmara,1
240590 João Dias,3
240600 José da Penha,1
240610 Jucurutu,4
240615 Jundiá,2
240620 Lagoa d'Anta,2
240630 Lagoa de Pedras,3
240640 Lagoa de Velhos,1
240650 Lagoa Nova,4
240660 Lagoa Salgada,3
240670 Lajes,2
240680 Lajes Pintadas,1
240690 Lucrécia,4
240700 Luís Gomes,2
240720 Macau,1
240725 Major Sales,4
240730 Marcelino Vieira,1
240740 Martins,4
240760 Messias Targino,1
240770 Montanhas,2
240780 Monte Alegre,3
240790 Monte das Gameleiras,4
240800 Mossoró,2
240840 Olho-d'Água do Borges,3
240850 Ouro Branco,4
240860 Paraná,3
240870 Paraú,3
240880 Parazinho,1
240910 Passa e Fica,3
240920 Passagem,1
240930 Patu,1
240950 Pedra Grande,2
240960 Pedra Preta,1
240970 Pedro Avelino,2
240980 Pedro Velho,2
240990 Pendências,1
241000 Pilões,4
241010 Poço Branco,2
241020 Portalegre,4
241025 Porto do Mangue,1
241040 Pureza,1
241050 Rafael Fernandes,2
241060 Rafael Godeiro,2
241070 Riacho da Cruz,2
241090 Riachuelo,2
241100 Rodolfo Fernandes,2
241110 Ruy Barbosa,3
241120 Santa Cruz,3
240933 Santa Maria,3
241140 Santana do Matos,3
241150 Santo Antônio,2
241170 São Bento do Trairí,1
241180 São Fernando,4
241190 São Francisco do Oeste,3
241200 São Gonçalo do Amarante,1
241210 São João do Sabugi,2
241220 São José de Mipibu,2
241230 São José do Campestre,2
241240 São José do Seridó,4
241250 São Miguel,4
241260 São Paulo do Potengi,2
241270 São Pedro,3
241280 São Rafael,3
241290 São Tomé,1
241300 São Vicente,3
241320 Senador Georgino Avelino,2
241030 Serra Caiada,2
241330 Serra de São Bento,2
241340 Serra Negra do Norte,4
241350 Serrinha,2
241355 Serrinha dos Pintos,1
241360 Severiano Melo,2
241370 Sítio Novo,1
241380 Taboleiro Grande,2
241390 Taipu,1
241400 Tangará,1
241415 Tenente Laurentino Cruz,3
241430 Timbaúba dos Batistas,4
241440 Touros,1
241445 Triunfo Potiguar,2
241450 Umarizal,2
241470 Várzea,1
241475 Venha-Ver,4
241490 Viçosa,4
241500 Vila Flor,3
250030 Alagoa Grande,4
250040 Alagoa Nova,4
250057 Algodão de Jandaíra,4
250060 Alhandra,3
250073 Amparo,4
250090 Arara,4
250110 Areia,1
250120 Areial,4
250130 Aroeiras,4
250135 Assunção,4
250140 Baía da Traição,4
250153 Baraúna,2
250160 Barra de Santa Rosa,4
250157 Barra de Santana,4
250170 Barra de São Miguel,4
250180 Bayeux,4
250205 Bernardino Batista,4
250215 Boa Vista,4
250220 Bom Jesus,4
250250 Boqueirão,4
250290 Brejo dos Santos,4
250300 Caaporã,4
250310 Cabaceiras,4
250320 Cabedelo,3
250330 Cachoeira dos Índios,4
250370 Cajazeiras,2
250380 Caldas Brandão,4
250390 Camalaú,4
250400 Campina Grande,4
250403 Capim,1
250407 Caraúbas,4
250430 Catolé do Rocha,4
250435 Caturité,4
250470 Congo,4
250485 Coxixola,4
250500 Cubati,4
250535 Damião,4
250600 Esperança,4
250610 Fagundes,2
250620 Frei Martinho,4
250625 Gado Bravo,4
250640 Gurinhém,4
250650 Gurjão,4
250260 Igaracy,4
250680 Ingá,3
250690 Itabaiana,3
250720 Itatuba,4
250760 Juarez Távora,4
250770 Juazeirinho,4
250790 Juripiranga,4
250830 Lagoa Seca,4
250850 Livramento,4
250920 Massaranduba,4
250933 Matinhas,4
250937 Mato Grosso,4
250940 Mogeiro,4
250950 Montadas,4
250970 Monteiro,4
250990 Natuba,4
251010 Nova Floresta,4
251020 Nova Olinda,4
251030 Nova Palmeira,4
251050 Olivedos,4
251060 Ouro Velho,4
251065 Parari,4
251090 Paulista,2
251200 Pocinhos,4
251220 Prata,4
251240 Puxinanã,4
251250 Queimadas,4
251270 Remígio,2
251275 Riachão do Bacamarte,4
251278 Riacho de Santo Antônio,4
251310 Salgado de São Félix,3
251315 Santa Cecília,4
251320 Santa Cruz,4
251335 Santa Inês,4
251370 Santa Rita,4
251360 Santana dos Garrotes,4
251385 Santo André,4
251392 São Bentinho,4
251396 São Domingos,4
251394 São Domingos do Cariri,4
251400 São João do Cariri,4
250070 São João do Rio do Peixe,4
251410 São João do Tigre,4
251420 São José da Lagoa Tapada,4
251430 São José de Caiana,4
251480 São José dos Cordeiros,4
251445 São José dos Ramos,1
251500 São Miguel de Taipu,3
251510 São Sebastião de Lagoa de Roça,4
251520 São Sebastião do Umbuzeiro,3
251540 São Vicente do Seridó,4
251550 Serra Branca,4
251580 Serra Redonda,4
251610 Soledade,4
251615 Sossêgo,4
251620 Sousa,4
251630 Sumé,4
251650 Taperoá,4
251660 Tavares,4
251675 Tenório,4
251680 Triunfo,3
251690 Uiraúna,4
251700 Umbuzeiro,4
251720 Vieirópolis,4
251740 Zabelê,3
260005 Abreu e Lima,3
260010 Afogados da Ingazeira,4
260020 Afrânio,4
260030 Agrestina,4
260040 Água Preta,4
260050 Águas Belas,4
260060 Alagoinha,4
260070 Aliança,2
260080 Altinho,4
260090 Amaraji,3
260100 Angelim,4
260105 Araçoiaba,2
260110 Araripina,4
260120 Arcoverde,4
260130 Barra de Guabiraba,3
260140 Barreiros,1
260150 Belém de Maria,3
260160 Belém do São Francisco,4
260170 Belo Jardim,4
260180 Betânia,4
260190 Bezerros,4
260200 Bodocó,4
260210 Bom Conselho,4
260220 Bom Jardim,4
260240 Brejão,4
260250 Brejinho,4
260260 Brejo da Madre de Deus,1
260270 Buenos Aires,4
260280 Buíque,4
260300 Cabrobó,3
260310 Cachoeirinha,1
260320 Caetés,4
260330 Calçado,4
260340 Calumbi,4
260345 Camaragibe,1
260350 Camocim de São Félix,4
260360 Camutanga,1
260370 Canhotinho,4
260380 Capoeiras,4
260390 Carnaíba,2
260392 Carnaubeira da Penha,4
260400 Carpina,4
260410 Caruaru,4
260415 Casinhas,3
260420 Catende,4
260430 Cedro,4
260440 Chã de Alegria,4
260450 Chã Grande,1
260460 Condado,2
260470 Correntes,4
260480 Cortês,2
260490 Cumaru,1
260500 Cupira,4
260510 Custódia,4
260520 Escada,1
260530 Exu,4
260540 Feira Nova,4
260545 Fernando de Noronha,2
260550 Ferreiros,3
260560 Flores,4
260570 Floresta,4
260580 Frei Miguelinho,4
260590 Gameleira,4
260600 Garanhuns,4
260610 Glória do Goitá,4
260620 Goiana,3
260630 Granito,3
260660 Ibimirim,4
260670 Ibirajuba,4
260690 Iguaracy,4
260760 Ilha de Itamaracá,2
260710 Ingazeira,3
260720 Ipojuca,4
260730 Ipubi,4
260740 Itacuruba,4
260750 Itaíba,1
260765 Itambé,4
260770 Itapetim,4
260775 Itapissuma,3
260780 Itaquitinga,1
260790 Jaboatão dos Guararapes,2
260795 Jaqueira,4
260800 Jataúba,4
260820 Joaquim Nabuco,4
260825 Jucati,4
260830 Jupi,4
260840 Jurema,4
260850 Lagoa de Itaenga,4
260845 Lagoa do Carro,3
260860 Lagoa do Ouro,4
260870 Lagoa dos Gatos,4
260875 Lagoa Grande,4
260880 Lajedo,2
260890 Limoeiro,4
260900 Macaparana,2
260910 Machados,4
260915 Manari,3
260930 Mirandiba,4
261430 Moreilândia,2
260940 Moreno,1
260950 Nazaré da Mata,2
260960 Olinda,3
260970 Orobó,4
260980 Orocó,4
260990 Ouricuri,4
261010 Palmeirina,4
261020 Panelas,4
261030 Paranatama,3
261040 Parnamirim,4
261050 Passira,4
261060 Paudalho,4
261080 Pedra,4
261090 Pesqueira,4
261100 Petrolândia,3
261110 Petrolina,4
261120 Poção,4
261130 Pombos,3
261140 Primavera,4
261150 Quipapá,4
261153 Quixaba,4
261160 Recife,3
261170 Riacho das Almas,4
261180 Ribeirão,2
261200 Sairé,4
261210 Salgadinho,4
261220 Salgueiro,4
261230 Saloá,4
261240 Sanharó,4
261245 Santa Cruz,4
261247 Santa Cruz da Baixa Verde,4
261250 Santa Cruz do Capibaribe,4
261255 Santa Filomena,4
261260 Santa Maria da Boa Vista,4
261270 Santa Maria do Cambucá,4
261280 Santa Terezinha,4
261290 São Benedito do Sul,2
261300 São Bento do Una,4
261310 São Caitano,4
261320 São João,3
261330 São Joaquim do Monte,4
261340 São José da Coroa Grande,4
261350 São José do Belmonte,4
261360 São José do Egito,4
261380 São Vicente Ferrer,2
261390 Serra Talhada,4
261400 Serrita,4
261410 Sertânia,4
261440 Solidão,4
261450 Surubim,4
261460 Tabira,4
261470 Tacaimbó,4
261480 Tacaratu,4
261485 Tamandaré,4
261500 Taquaritinga do Norte,4
261510 Terezinha,4
261520 Terra Nova,4
261530 Timbaúba,3
261540 Toritama,4
261550 Tracunhaém,1
261560 Trindade,3
261570 Triunfo,4
261580 Tupanatinga,4
261590 Tuparetama,4
261600 Venturosa,4
261610 Verdejante,4
261618 Vertente do Lério,4
261620 Vertentes,4
261630 Vicência,4
261640 Vitória de Santo Antão,1
261650 Xexéu,4
270010 Água Branca,4
270020 Anadia,4
270030 Arapiraca,4
270040 Atalaia,2
270050 Barra de Santo Antônio,4
270060 Barra de São Miguel,4
270070 Batalha,4
270080 Belém,4
270090 Belo Monte,4
270100 Boca da Mata,3
270110 Branquinha,4
270120 Cacimbinhas,4
270130 Cajueiro,4
270135 Campestre,4
270140 Campo Alegre,4
270150 Campo Grande,1
270160 Canapi,4
270170 Capela,3
270180 Carneiros,4
270190 Chã Preta,3
270200 Coité do Nóia,4
270210 Colônia Leopoldina,3
270220 Coqueiro Seco,4
270230 Coruripe,4
270235 Craíbas,3
270240 Delmiro Gouveia,4
270250 Dois Riachos,4
270255 Estrela de Alagoas,3
270260 Feira Grande,2
270270 Feliz Deserto,4
270280 Flexeiras,4
270290 Girau do Ponciano,4
270300 Ibateguara,4
270310 Igaci,4
270320 Igreja Nova,1
270330 Inhapi,4
270340 Jacaré dos Homens,4
270350 Jacuípe,4
270360 Japaratinga,3
270370 Jaramataia,4
270375 Jequiá da Praia,4
270380 Joaquim Gomes,1
270390 Jundiá,4
270400 Junqueiro,2
270410 Lagoa da Canoa,4
270420 Limoeiro de Anadia,4
270430 Maceió,1
270440 Major Isidoro,4
270490 Mar Vermelho,3
270450 Maragogi,2
270460 Maravilha,4
270470 Marechal Deodoro,2
270480 Maribondo,4
270500 Mata Grande,4
270510 Matriz de Camaragibe,3
270520 Messias,4
270530 Minador do Negrão,4
270540 Monteirópolis,4
270550 Murici,4
270560 Novo Lino,4
270570 Olho d'Água das Flores,4
270580 Olho d'Água do Casado,2
270590 Olho d'Água Grande,4
270600 Olivença,4
270610 Ouro Branco,3
270620 Palestina,4
270630 Palmeira dos Índios,3
270640 Pão de Açúcar,4
270642 Pariconha,4
270644 Paripueira,4
270650 Passo de Camaragibe,4
270660 Paulo Jacinto,4
270680 Piaçabuçu,4
270690 Pilar,4
270700 Pindoba,4
270710 Piranhas,4
270720 Poço das Trincheiras,4
270730 Porto Calvo,4
270740 Porto de Pedras,4
270750 Porto Real do Colégio,3
270760 Quebrangulo,4
270780 Roteiro,4
270790 Santa Luzia do Norte,4
270800 Santana do Ipanema,4
270810 Santana do Mundaú,4
270820 São Brás,3
270830 São José da Laje,4
270840 São José da Tapera,2
270850 São Luís do Quitunde,4
270860 São Miguel dos Campos,4
270870 São Miguel dos Milagres,4
270890 Satuba,4
270895 Senador Rui Palmeira,4
270910 Taquarana,4
270915 Teotônio Vilela,4
270920 Traipu,2
270930 União dos Palmares,3
270940 Viçosa,4
280010 Amparo de São Francisco,2
280020 Aquidabã,3
280050 Areia Branca,2
280060 Barra dos Coqueiros,1
280067 Boquim,3
280070 Brejo Grande,2
280100 Campo do Brito,3
280120 Canindé de São Francisco,4
280140 Carira,4
280160 Cedro de São João,4
280170 Cristinápolis,3
280190 Cumbe,4
280210 Estância,1
280240 Gararu,1
280260 Gracho Cardoso,4
280270 Ilha das Flores,4
280300 Itabaianinha,4
280310 Itabi,1
280330 Japaratuba,1
280340 Japoatã,2
280350 Lagarto,3
280360 Laranjeiras,1
280370 Macambira,1
280380 Malhada dos Bois,4
280430 Muribeca,4
280440 Neópolis,1
280445 Nossa Senhora Aparecida,3
280450 Nossa Senhora da Glória,3
280460 Nossa Senhora das Dores,2
280500 Pedra Mole,4
280510 Pedrinhas,3
280520 Pinhão,3
280530 Pirambu,3
280550 Poço Verde,4
280560 Porto da Folha,2
280570 Propriá,1
280590 Riachuelo,1
280600 Ribeirópolis,4
280610 Rosário do Catete,4
280650 Santa Rosa de Lima,1
280640 Santana do São Francisco,3
280660 Santo Amaro das Brotas,3
280680 São Domingos,4
280690 São Francisco,2
280730 Telha,2
280760 Umbaúba,1
290010 Abaíra,4
290020 Abaré,4
290030 Acajutiba,3
290035 Adustina,3
290060 Aiquara,4
290070 Alagoinhas,4
290080 Alcobaça,4
290090 Almadina,4
290100 Amargosa,4
290110 Amélia Rodrigues,3
290115 América Dourada,4
290120 Anagé,3
290130 Andaraí,4
290135 Andorinha,4
290140 Angical,4
290150 Anguera,4
290160 Antas,4
290170 Antônio Cardoso,4
290180 Antônio Gonçalves,4
290190 Aporá,3
290195 Apuarema,4
290205 Araças,4
290200 Aracatu,4
290210 Araci,3
290220 Aramari,4
290225 Arataca,4
290230 Aratuípe,3
290240 Aurelino Leal,4
290250 Baianópolis,4
290265 Banzaê,3
290270 Barra,4
290280 Barra da Estiva,4
290290 Barra do Choça,4
290300 Barra do Mendes,3
290310 Barra do Rocha,4
290320 Barreiras,4
290323 Barro Alto,4
290330 Barro Preto,4
290327 Barrocas,3
290340 Belmonte,2
290350 Belo Campo,4
290360 Biritinga,4
290370 Boa Nova,2
290380 Boa Vista do Tupim,4
290390 Bom Jesus da Lapa,4
290395 Bom Jesus da Serra,4
290400 Boninal,4
290405 Bonito,4
290410 Boquira,2
290420 Botuporã,4
290430 Brejões,4
290440 Brejolândia,4
290450 Brotas de Macaúbas,4
290460 Brumado,3
290470 Buerarema,4
290475 Buritirama,4
290480 Caatiba,2
290485 Cabaceiras do Paraguaçu,3
290490 Cachoeira,2
290500 Caculé,4
290510 Caém,3
290515 Caetanos,2
290520 Caetité,4
290530 Cafarnaum,3
290540 Cairu,4
290560 Camacan,4
290570 Camaçari,1
290580 Camamu,3
290590 Campo Alegre de Lourdes,4
290600 Campo Formoso,1
290610 Canápolis,4
290620 Canarana,4
290630 Canavieiras,4
290640 Candeal,4
290650 Candeias,2
290660 Candiba,4
290670 Cândido Sales,2
290680 Cansanção,4
290682 Canudos,2
290687 Capim Grosso,2
290689 Caraíbas,4
290690 Caravelas,3
290700 Cardeal da Silva,4
290710 Carinhanha,4
290720 Casa Nova,4
290730 Castro Alves,4
290740 Catolândia,4
290750 Catu,4
290755 Caturama,4
290760 Central,4
290770 Chorrochó,4
290780 Cícero Dantas,2
290790 Cipó,1
290800 Coaraci,4
290810 Cocos,4
290820 Conceição da Feira,4
290830 Conceição do Almeida,3
290840 Conceição do Coité,3
290850 Conceição do Jacuípe,2
290860 Conde,2
290870 Condeúba,4
290880 Contendas do Sincorá,4
290890 Coração de Maria,3
290900 Cordeiros,2
290910 Coribe,1
290920 Coronel João Sá,4
290930 Correntina,4
290940 Cotegipe,4
290950 Cravolândia,4
290960 Crisópolis,3
290970 Cristópolis,4
290980 Cruz das Almas,3
290990 Curaçá,4
291000 Dário Meira,4
291005 Dias d'Ávila,2
291010 Dom Basílio,3
291020 Dom Macedo Costa,4
291030 Elísio Medrado,4
291040 Encruzilhada,3
291050 Entre Rios,4
290050 Érico Cardoso,4
291060 Esplanada,3
291070 Euclides da Cunha,4
291072 Eunápolis,4
291075 Fátima,3
291077 Feira da Mata,4
291080 Feira de Santana,4
291085 Filadélfia,4
291100 Floresta Azul,4
291110 Formosa do Rio Preto,4
291120 Gandu,4
291130 Gentio do Ouro,1
291140 Glória,4
291150 Gongogi,4
291160 Governador Mangabeira,3
291165 Guajeru,1
291170 Guanambi,4
291180 Guaratinga,4
291185 Heliópolis,3
291190 Iaçu,3
291200 Ibiassucê,4
291210 Ibicaraí,4
291230 Ibicuí,4
291240 Ibipeba,1
291260 Ibiquera,4
291270 Ibirapitanga,4
291280 Ibirapuã,4
291290 Ibirataia,4
291300 Ibitiara,4
291310 Ibititá,4
291320 Ibotirama,4
291330 Ichu,4
291340 Igaporã,4
291345 Igrapiúna,4
291350 Iguaí,4
291360 Ilhéus,2
291380 Ipecaetá,3
291390 Ipiaú,4
291400 Ipirá,4
291410 Ipupiara,4
291420 Irajuba,4
291430 Iramaia,4
291440 Iraquara,4
291450 Irará,3
291460 Irecê,4
291465 Itabela,4
291470 Itaberaba,3
291480 Itabuna,3
291490 Itacaré,4
291500 Itaeté,4
291510 Itagi,4
291520 Itagibá,4
291530 Itagimirim,4
291535 Itaguaçu da Bahia,2
291540 Itaju do Colônia,4
291550 Itajuípe,4
291560 Itamaraju,2
291570 Itamari,4
291580 Itambé,4
291590 Itanagra,3
291600 Itanhém,4
291610 Itaparica,1
291620 Itapé,3
291630 Itapebi,3
291640 Itapetinga,4
291650 Itapicuru,4
291660 Itapitanga,4
291670 Itaquara,3
291680 Itarantim,4
291685 Itatim,4
291690 Itiruçu,4
291700 Itiúba,1
291710 Itororó,4
291730 Ituberá,4
291733 Iuiú,4
291735 Jaborandi,4
291740 Jacaraci,4
291750 Jacobina,2
291760 Jaguaquara,4
291770 Jaguarari,4
291780 Jaguaripe,4
291800 Jequié,3
291810 Jeremoabo,2
291820 Jiquiriçá,4
291830 Jitaúna,4
291835 João Dourado,1
291840 Juazeiro,3
291850 Jussara,2
291855 Jussari,4
291860 Jussiape,4
291870 Lafaiete Coutinho,2
291875 Lagoa Real,4
291880 Laje,4
291890 Lajedão,4
291900 Lajedinho,4
291905 Lajedo do Tabocal,3
291910 Lamarão,4
291920 Lauro de Freitas,1
291940 Licínio de Almeida,4
291950 Livramento de Nossa Senhora,4
291955 Luís Eduardo Magalhães,4
291960 Macajuba,4
291970 Macarani,4
291980 Macaúbas,3
291990 Macururé,4
291992 Madre de Deus,4
291995 Maetinga,4
292000 Maiquinique,4
292010 Mairi,2
292020 Malhada,4
292030 Malhada de Pedras,4
292040 Manoel Vitorino,4
292045 Mansidão,4
292050 Maracás,4
292060 Maragogipe,2
292070 Maraú,4
292080 Marcionílio Souza,4
292090 Mascote,4
292100 Mata de São João,2
292105 Matina,4
292110 Medeiros Neto,4
292120 Miguel Calmon,3
292130 Milagres,4
292140 Mirangaba,2
292145 Mirante,4
292150 Monte Santo,4
292160 Morpará,3
292170 Morro do Chapéu,1
292180 Mortugaba,4
292200 Mucuri,4
292205 Mulungu do Morro,4
292220 Muniz Ferreira,1
292225 Muquém de São Francisco,3
292230 Muritiba,4
292240 Mutuípe,4
292250 Nazaré,4
292260 Nilo Peçanha,1
292265 Nordestina,4
292270 Nova Canaã,4
292275 Nova Ibiá,4
292280 Nova Itarana,4
292285 Nova Redenção,4
292290 Nova Soure,3
292303 Novo Horizonte,4
292305 Novo Triunfo,3
292310 Olindina,2
292320 Oliveira dos Brejinhos,4
292330 Ouriçangas,4
292335 Ourolândia,3
292340 Palmas de Monte Alto,4
292350 Palmeiras,4
292360 Paramirim,4
292370 Paratinga,4
292380 Paripiranga,3
292390 Pau Brasil,4
292400 Paulo Afonso,4
292410 Pedrão,4
292420 Pedro Alexandre,4
292430 Piatã,3
292440 Pilão Arcado,4
292450 Pindaí,4
292460 Pindobaçu,3
292465 Pintadas,4
292467 Piraí do Norte,4
292480 Piritiba,3
292490 Planaltino,4
292520 Pojuca,4
292525 Ponto Novo,4
292530 Porto Seguro,4
292540 Potiraguá,4
292550 Prado,3
292560 Presidente Dutra,4
292570 Presidente Jânio Quadros,2
292575 Presidente Tancredo Neves,4
292580 Queimadas,4
292590 Quijingue,3
292593 Quixabeira,1
292595 Rafael Jambeiro,4
292600 Remanso,4
292610 Retirolândia,2
292620 Riachão das Neves,4
292630 Riachão do Jacuípe,4
292640 Riacho de Santana,4
292650 Ribeira do Amparo,3
292660 Ribeira do Pombal,4
292665 Ribeirão do Largo,1
292670 Rio de Contas,3
292680 Rio do Antônio,4
292690 Rio do Pires,3
292700 Rio Real,4
292710 Rodelas,4
292720 Ruy Barbosa,4
292740 Salvador,1
292750 Santa Bárbara,4
292760 Santa Brígida,4
292770 Santa Cruz Cabrália,3
292780 Santa Cruz da Vitória,4
292790 Santa Inês,4
292805 Santa Luzia,4
292810 Santa Maria da Vitória,3
292840 Santa Rita de Cássia,4
292850 Santa Teresinha,3
292800 Santaluz,3
292820 Santana,4
292830 Santanópolis,4
292860 Santo Amaro,4
292870 Santo Antônio de Jesus,4
292880 Santo Estêvão,4
292890 São Desidério,2
292895 São Domingos,4
292910 São Felipe,3
292900 São Félix,4
292905 São Félix do Coribe,4
292925 São Gabriel,4
292930 São Gonçalo dos Campos,4
292935 São José da Vitória,4
292940 São Miguel das Matas,4
292950 São Sebastião do Passé,3
292960 Sapeaçu,3
292970 Sátiro Dias,2
292975 Saubara,3
292980 Saúde,2
292990 Seabra,4
293000 Sebastião Laranjeiras,4
293010 Senhor do Bonfim,3
293020 Sento Sé,3
293015 Serra do Ramalho,4
293030 Serra Dourada,4
293040 Serra Preta,4
293050 Serrinha,4
293060 Serrolândia,2
293070 Simões Filho,3
293075 Sítio do Mato,4
293076 Sítio do Quinto,3
293077 Sobradinho,4
293080 Souto Soares,4
293090 Tabocas do Brejo Velho,4
293100 Tanhaçu,4
293105 Tanque Novo,4
293110 Tanquinho,3
293120 Taperoá,3
293130 Tapiramutá,2
293135 Teixeira de Freitas,2
293140 Teodoro Sampaio,4
293150 Teofilândia,4
293160 Teolândia,4
293170 Terra Nova,4
293180 Tremedal,1
293190 Tucano,1
293200 Uauá,4
293210 Ubaíra,4
293220 Ubaitaba,4
293230 Ubatã,4
293240 Uibaí,2
293245 Umburanas,2
293250 Una,1
293260 Urandi,4
293270 Uruçuca,4
293280 Utinga,4
293290 Valença,3
293300 Valente,3
293305 Várzea da Roça,2
293310 Várzea do Poço,2
293315 Várzea Nova,3
293317 Varzedo,4
293325 Vereda,4
293340 Wagner,4
293345 Wanderley,4
293350 Wenceslau Guimarães,4
293360 Xique-Xique,4
310010 Abadia dos Dourados,4
310020 Abaeté,4
310030 Abre Campo,3
310040 Acaiaca,4
310050 Açucena,2
310060 Água Boa,3
310070 Água Comprida,4
310080 Aguanil,4
310090 Águas Formosas,4
310110 Aimorés,4
310140 Albertina,2
310150 Além Paraíba,4
310180 Alpercata,4
310190 Alpinópolis,2
310200 Alterosa,4
315350 Alto Jequitibá,4
310220 Alvarenga,4
310250 Amparo do Serra,4
310260 Andradas,4
310280 Andrelândia,4
310300 Antônio Dias,4
310320 Araçaí,4
310340 Araçuaí,2
310350 Araguari,4
310375 Araporã,4
310380 Arapuá,4
310390 Araújos,3
310400 Araxá,4
310410 Arceburgo,4
310420 Arcos,4
310430 Areado,2
310450 Arinos,4
310460 Astolfo Dutra,4
310470 Ataléia,2
310480 Augusto de Lima,4
310490 Baependi,4
310500 Baldim,4
310510 Bambuí,4
310620 Belo Horizonte,3
310640 Belo Vale,1
310650 Berilo,1
310665 Berizal,3
310670 Betim,3
310690 Bicas,3
310700 Biquinhas,4
310710 Boa Esperança,3
310730 Bocaiúva,3
310740 Bom Despacho,4
310760 Bom Jesus da Penha,4
310780 Bom Jesus do Galho,2
310800 Bom Sucesso,4
310810 Bonfim,2
310820 Bonfinópolis de Minas,4
310850 Botumirim,4
310855 Brasilândia de Minas,4
310860 Brasília de Minas,4
310900 Brumadinho,4
310920 Buenópolis,4
310925 Bugre,1
310930 Buritis,4
310940 Buritizeiro,4
310945 Cabeceira Grande,3
310960 Cachoeira da Prata,4
310980 Cachoeira Dourada,4
310990 Caetanópolis,4
311000 Caeté,2
311040 Camacho,4
311080 Campanário,4
311110 Campina Verde,4
311115 Campo Azul,4
311120 Campo Belo,4
311130 Campo do Meio,2
311140 Campo Florido,4
311150 Campos Altos,3
311160 Campos Gerais,3
311190 Cana Verde,4
311180 Canápolis,4
311200 Candeias,4
311205 Cantagalo,4
311230 Capelinha,1
311240 Capetinga,4
311250 Capim Branco,4
311260 Capinópolis,3
311265 Capitão Andrade,4
311270 Capitão Enéas,3
311280 Capitólio,4
311290 Caputira,1
311300 Caraí,4
311330 Carangola,4
311340 Caratinga,1
311370 Carlos Chagas,4
311390 Carmo da Cachoeira,2
311400 Carmo da Mata,3
311420 Carmo do Cajuru,4
311430 Carmo do Paranaíba,3
311440 Carmo do Rio Claro,4
311450 Carmópolis de Minas,4
311455 Carneirinho,4
311500 Cascalho Rico,4
311510 Cássia,4
311530 Cataguases,4
311535 Catas Altas,4
311545 Catuji,4
311547 Catuti,4
311570 Central de Minas,4
311580 Centralina,4
311590 Chácara,1
311600 Chalé,2
311610 Chapada do Norte,1
311615 Chapada Gaúcha,4
311620 Chiador,4
311640 Claraval,4
311650 Claro dos Poções,4
311660 Cláudio,4
311680 Coluna,4
311690 Comendador Gomes,4
311710 Conceição da Aparecida,3
311730 Conceição das Alagoas,4
311740 Conceição de Ipanema,4
311750 Conceição do Mato Dentro,1
311760 Conceição do Pará,4
311770 Conceição do Rio Verde,1
311783 Cônego Marinho,3
311800 Congonhas,4
311820 Conquista,4
311830 Conselheiro Lafaiete,3
311840 Conselheiro Pena,4
311870 Coqueiral,4
311880 Coração de Jesus,4
311890 Cordisburgo,4
311900 Cordislândia,4
311910 Corinto,4
311920 Coroaci,4
311930 Coromandel,4
311940 Coronel Fabriciano,2
311950 Coronel Murta,4
311980 Córrego Danta,1
311995 Córrego Fundo,4
312010 Couto de Magalhães de Minas,1
312015 Crisólita,4
312030 Cristália,4
312060 Crucilândia,2
312070 Cruzeiro da Fortaleza,4
312083 Cuparaque,3
312087 Curral de Dentro,4
312090 Curvelo,4
312120 Delfinópolis,4
312125 Delta,4
312130 Descoberto,4
312190 Divinésia,3
312200 Divino,4
312210 Divino das Laranjeiras,4
312220 Divinolândia de Minas,2
312230 Divinópolis,2
312240 Divisa Nova,3
312245 Divisópolis,2
312247 Dom Bosco,3
312270 Dom Silvério,4
312290 Dona Eusébia,2
312320 Dores do Indaiá,4
312340 Doresópolis,4
312350 Douradoquara,4
312352 Durandé,4
312360 Elói Mendes,4
312370 Engenheiro Caldas,4
312380 Engenheiro Navarro,4
312385 Entre Folhas,4
312390 Entre Rios de Minas,2
312410 Esmeraldas,4
312420 Espera Feliz,4
312430 Espinosa,4
312450 Estiva,1
312460 Estrela Dalva,2
312470 Estrela do Indaiá,4
312480 Estrela do Sul,4
312490 Eugenópolis,4
312520 Fama,4
312570 Felixlândia,4
312580 Fernandes Tourinho,4
312595 Fervedouro,4
312600 Florestal,4
312610 Formiga,4
312620 Formoso,4
312630 Fortaleza de Minas,4
312640 Fortuna de Minas,4
312650 Francisco Badaró,4
312660 Francisco Dumont,1
312670 Francisco Sá,3
312690 Frei Inocêncio,4
312700 Fronteira,4
312707 Fruta de Leite,3
312710 Frutal,4
312720 Funilândia,1
312730 Galiléia,4
312733 Gameleiras,4
312735 Glaucilândia,4
312737 Goiabeira,4
312738 Goianá,3
312750 Gonzaga,4
312770 Governador Valadares,3
312780 Grão Mogol,4
312790 Grupiara,4
312800 Guanhães,4
312810 Guapé,4
312820 Guaraciaba,4
312825 Guaraciama,4
312830 Guaranésia,4
312840 Guarani,4
312850 Guarará,3
312860 Guarda-Mor,4
312870 Guaxupé,4
312880 Guidoval,4
312890 Guimarânia,4
312900 Guiricema,4
312910 Gurinhatã,4
312950 Ibiá,4
312960 Ibiaí,4
312965 Ibiracatu,4
312970 Ibiraci,4
312980 Ibirité,4
312990 Ibitiúra de Minas,4
313005 Icaraí de Minas,4
313010 Igarapé,2
313020 Igaratinga,4
313030 Iguatama,4
313040 Ijaci,1
313050 Ilicínea,4
313070 Indianópolis,4
313090 Inhapim,2
313100 Inhaúma,4
313110 Inimutaba,4
313115 Ipaba,3
313120 Ipanema,4
313130 Ipatinga,1
313140 Ipiaçu,4
313160 Iraí de Minas,4
313180 Itabirinha,4
313190 Itabirito,2
313210 Itacarambi,4
313220 Itaguara,2
313230 Itaipé,4
313250 Itamarandiba,1
313260 Itamarati de Minas,1
313270 Itambacuri,4
313290 Itamogi,3
313320 Itanhomi,4
313330 Itaobim,2
313340 Itapagipe,4
313350 Itapecerica,4
313370 Itatiaiuçu,4
313375 Itaú de Minas,4
313380 Itaúna,3
313410 Itueta,4
313420 Ituiutaba,1
313440 Iturama,4
313450 Itutinga,4
313460 Jaboticatubas,4
313470 Jacinto,3
313480 Jacuí,4
313490 Jacutinga,4
313500 Jaguaraçu,3
313505 Jaíba,4
313507 Jampruca,4
313510 Janaúba,4
313520 Januária,4
313530 Japaraíba,4
313535 Japonvar,4
313545 Jenipapo de Minas,2
313560 Jequitaí,4
313610 Joanésia,3
313620 João Monlevade,1
313630 João Pinheiro,4
313640 Joaquim Felício,2
313655 José Raydan,4
313657 Josenópolis,4
313665 Juatuba,4
313670 Juiz de Fora,1
313680 Juramento,4
313690 Juruaia,1
313695 Juvenília,4
313700 Ladainha,4
313710 Lagamar,4
313720 Lagoa da Prata,4
313730 Lagoa dos Patos,4
313750 Lagoa Formosa,4
313753 Lagoa Grande,4
313760 Lagoa Santa,4
313770 Lajinha,4
313810 Lassance,4
313820 Lavras,4
313830 Leandro Ferreira,4
313840 Leopoldina,2
313860 Lima Duarte,4
313862 Limeira do Oeste,4
313865 Lontra,4
313868 Luislândia,4
313880 Luz,4
313890 Machacalis,4
313920 Malacacheta,4
313925 Mamonas,4
313930 Manga,4
313940 Manhuaçu,4
313950 Manhumirim,4
313960 Mantena,3
313980 Mar de Espanha,3
313970 Maravilhas,1
314000 Mariana,2
314010 Marilac,4
314015 Mário Campos,1
314020 Maripá de Minas,3
314050 Martinho Campos,4
314053 Martins Soares,4
314070 Mateus Leme,4
317150 Mathias Lobato,4
314080 Matias Barbosa,4
314085 Matias Cardoso,4
314090 Matipó,3
314100 Mato Verde,4
314110 Matozinhos,4
314120 Matutina,3
314130 Medeiros,4
314140 Medina,1
314150 Mendes Pimentel,4
314160 Mercês,4
314170 Mesquita,4
314180 Minas Novas,4
314200 Mirabela,4
314210 Miradouro,2
314220 Miraí,4
314230 Moeda,3
314240 Moema,4
314250 Monjolos,4
314270 Montalvânia,4
314280 Monte Alegre de Minas,4
314290 Monte Azul,4
314300 Monte Belo,3
314310 Monte Carmelo,4
314320 Monte Santo de Minas,4
314330 Montes Claros,2
314345 Montezuma,4
314350 Morada Nova de Minas,3
314360 Morro da Garça,4
314390 Muriaé,1
314410 Muzambinho,4
314420 Nacip Raydan,4
314430 Nanuque,4
314435 Naque,3
314437 Natalândia,4
314450 Nazareno,2
314460 Nepomuceno,1
314465 Ninheira,4
314467 Nova Belém,4
314470 Nova Era,4
314480 Nova Lima,3
314490 Nova Módica,4
314505 Nova Porteirinha,4
314520 Nova Serrana,4
313660 Nova União,3
314530 Novo Cruzeiro,4
314535 Novo Oriente de Minas,2
314537 Novorizonte,4
314545 Olhos-d'Água,4
314560 Oliveira,2
314580 Onça de Pitangui,4
314585 Oratórios,4
314590 Ouro Branco,1
314610 Ouro Preto,4
314620 Ouro Verde de Minas,4
314625 Padre Carvalho,4
314630 Padre Paraíso,4
314655 Pai Pedro,4
314640 Paineiras,4
314650 Pains,4
314670 Palma,4
314690 Papagaios,4
314710 Pará de Minas,4
314700 Paracatu,3
314740 Paraopeba,4
314770 Passa Tempo,4
314790 Passos,4
314795 Patis,4
314800 Patos de Minas,4
314810 Patrocínio,2
314820 Patrocínio do Muriaé,4
314830 Paula Cândido,3
314850 Pavão,4
314860 Peçanha,4
314880 Pedra do Anta,3
314890 Pedra do Indaiá,4
314915 Pedras de Maria da Cruz,4
314920 Pedrinópolis,4
314930 Pedro Leopoldo,2
314960 Pequi,4
314970 Perdigão,4
314980 Perdizes,4
314990 Perdões,4
314995 Periquito,1
315000 Pescador,4
315015 Piedade de Caratinga,4
315040 Piedade dos Gerais,1
315050 Pimenta,4
315053 Pingo-d'Água,4
315057 Pintópolis,4
315060 Piracema,4
315070 Pirajuba,4
315110 Pirapetinga,4
315120 Pirapora,4
315130 Piraúba,4
315140 Pitangui,4
315150 Piumhi,4
315160 Planura,3
315180 Poços de Caldas,4
315190 Pocrane,4
315200 Pompéu,4
315210 Ponte Nova,4
315213 Ponto Chique,4
315220 Porteirinha,4
315230 Porto Firme,4
315240 Poté,4
315280 Prata,4
315290 Pratápolis,4
315300 Pratinha,4
315320 Presidente Juscelino,4
315340 Presidente Olegário,4
315360 Prudente de Morais,1
315370 Quartel Geral,2
315390 Raposos,1
315400 Raul Soares,4
315410 Recreio,1
315415 Reduto,3
315420 Resende Costa,4
315430 Resplendor,4
315445 Riachinho,2
315460 Ribeirão das Neves,4
315470 Ribeirão Vermelho,2
315480 Rio Acima,4
315490 Rio Casca,4
315500 Rio Doce,4
315530 Rio Manso,1
315540 Rio Novo,4
315550 Rio Paranaíba,3
315560 Rio Pardo de Minas,4
315570 Rio Piracicaba,3
315580 Rio Pomba,3
315630 Rodeiro,2
315640 Romaria,4
315650 Rubelita,2
315670 Sabará,1
315680 Sabinópolis,4
315690 Sacramento,4
315700 Salinas,2
315720 Santa Bárbara,1
315725 Santa Bárbara do Leste,2
315733 Santa Cruz de Minas,4
315737 Santa Cruz de Salinas,2
315750 Santa Efigênia de Minas,4
315760 Santa Fé de Minas,4
315765 Santa Helena de Minas,4
315770 Santa Juliana,4
315780 Santa Luzia,4
315790 Santa Margarida,2
315800 Santa Maria de Itabira,1
315820 Santa Maria do Suaçuí,4
315970 Santa Rosa da Serra,2
315980 Santa Vitória,4
315830 Santana da Vargem,4
315880 Santana do Jacaré,4
315890 Santana do Manhuaçu,2
315895 Santana do Paraíso,2
315900 Santana do Riacho,2
315990 Santo Antônio do Amparo,4
316040 Santo Antônio do Monte,4
316060 Santo Hipólito,4
316070 Santos Dumont,2
316080 São Bento Abade,4
316095 São Domingos das Dores,4
316100 São Domingos do Prata,4
316110 São Francisco,4
316120 São Francisco de Paula,4
316130 São Francisco de Sales,4
316150 São Geraldo,4
316165 São Geraldo do Baixio,4
316170 São Gonçalo do Abaeté,4
316180 São Gonçalo do Pará,4
316190 São Gonçalo do Rio Abaixo,1
316200 São Gonçalo do Sapucaí,4
316210 São Gotardo,4
316220 São João Batista do Glória,2
316225 São João da Lagoa,4
316240 São João da Ponte,4
316245 São João das Missões,4
316250 São João del Rei,3
316255 São João do Manhuaçu,4
316257 São João do Manteninha,4
316260 São João do Oriente,4
316265 São João do Pacuí,4
316270 São João do Paraíso,4
316280 São João Evangelista,4
316290 São João Nepomuceno,4
316292 São Joaquim de Bicas,4
316295 São José da Lapa,4
316300 São José da Safira,4
316310 São José da Varginha,4
316330 São José do Divino,4
316340 São José do Goiabal,4
316410 São Pedro do Suaçuí,4
316400 São Pedro dos Ferros,4
316420 São Romão,4
316430 São Roque de Minas,4
316460 São Sebastião do Oeste,4
316470 São Sebastião do Paraíso,1
316500 São Tiago,2
316510 São Tomás de Aquino,4
316550 Sardoá,4
316553 Sarzedo,4
316660 Serra da Saudade,4
316680 Serra do Salitre,3
316670 Serra dos Aimorés,4
316695 Serranópolis de Minas,4
316710 Serro,3
316720 Sete Lagoas,4
316760 Simonésia,1
316790 Tabuleiro,2
316800 Taiobeiras,4
316810 Tapira,4
316830 Taquaraçu de Minas,4
316840 Tarumirim,4
316860 Teófilo Otoni,4
316870 Timóteo,1
316880 Tiradentes,1
316890 Tiros,4
316900 Tocantins,4
316920 Tombos,4
316930 Três Corações,4
316935 Três Marias,4
316940 Três Pontas,4
316950 Tumiritinga,4
316960 Tupaciguara,4
316970 Turmalina,4
316990 Ubá,2
317000 Ubaí,4
317005 Ubaporanga,4
317010 Uberaba,4
317020 Uberlândia,4
317030 Umburatiba,4
317040 Unaí,4
317043 União de Minas,3
317047 Uruana de Minas,3
317050 Urucânia,2
317052 Urucuia,4
317057 Vargem Alegre,4
317060 Vargem Bonita,4
317065 Vargem Grande do Rio Pardo,4
317070 Varginha,2
317075 Varjão de Minas,4
317080 Várzea da Palma,4
317090 Varzelândia,4
317100 Vazante,4
317103 Verdelândia,4
317107 Veredinha,2
317110 Veríssimo,2
317120 Vespasiano,4
317160 Virgem da Lapa,4
317180 Virginópolis,4
317190 Virgolândia,4
317200 Visconde do Rio Branco,4
320010 Afonso Cláudio,4
320016 Água Doce do Norte,3
320035 Alto Rio Novo,2
320050 Apiacá,4
320060 Aracruz,2
320070 Atilio Vivacqua,3
320080 Baixo Guandu,4
320110 Bom Jesus do Norte,2
320120 Cachoeiro de Itapemirim,4
320130 Cariacica,1
320150 Colatina,4
320160 Conceição da Barra,3
320170 Conceição do Castelo,1
320220 Fundão,4
320225 Governador Lindenberg,2
320230 Guaçuí,4
320240 Guarapari,4
320245 Ibatiba,2
320250 Ibiraçu,4
320265 Irupi,3
320280 Itapemirim,4
320305 Jaguaré,3
320310 Jerônimo Monteiro,4
320313 João Neiva,4
320320 Linhares,3
320332 Marataízes,4
320334 Marechal Floriano,3
320335 Marilândia,4
320350 Montanha,2
320360 Mucurici,1
320380 Muqui,3
320390 Nova Venécia,1
320400 Pancas,4
320405 Pedro Canário,3
320420 Piúma,4
320425 Ponto Belo,2
320435 Rio Bananal,1
320450 Santa Leopoldina,1
320465 São Domingos do Norte,4
320470 São Gabriel da Palha,4
320490 São Mateus,3
320495 São Roque do Canaã,2
320500 Serra,1
320501 Sooretama,2
320506 Venda Nova do Imigrante,3
320515 Vila Pavão,4
320517 Vila Valério,4
320520 Vila Velha,3
320530 Vitória,4
330030 Barra do Piraí,2
330080 Cachoeiras de Macacu,3
330115 Cardoso Moreira,3
330120 Carmo,4
330130 Casimiro de Abreu,4
330095 Comendador Levy Gasparian,4
330140 Conceição de Macabu,2
330160 Duas Barras,2
330170 Duque de Caxias,4
330180 Engenheiro Paulo de Frontin,3
330200 Itaguaí,4
330205 Italva,2
330210 Itaocara,4
330225 Itatiaia,3
330227 Japeri,4
330230 Laje do Muriaé,4
330245 Macuco,3
330280 Mendes,4
330300 Miracema,4
330310 Natividade,3
330350 Nova Iguaçu,3
330360 Paracambi,4
330370 Paraíba do Sul,4
330410 Porciúncula,1
330411 Porto Real,3
330414 Queimados,2
330415 Quissamã,4
330420 Resende,1
330450 Rio das Flores,4
330470 Santo Antônio de Pádua,2
330480 São Fidélis,4
330475 São Francisco de Itabapoana,4
330490 São Gonçalo,1
330513 São José de Ubá,3
330530 São Sebastião do Alto,1
330540 Sapucaia,1
330555 Seropédica,1
330600 Três Rios,4
330610 Valença,4
330620 Vassouras,4
350010 Adamantina,1
350030 Aguaí,1
350040 Águas da Prata,1
350070 Agudos,1
350080 Alfredo Marcondes,4
350090 Altair,3
350100 Altinópolis,1
350110 Alto Alegre,3
350130 Álvares Machado,2
350150 Alvinlândia,3
350160 Americana,3
350210 Andradina,3
350240 Anhumas,3
350250 Aparecida,3
350275 Araçariguama,2
350280 Araçatuba,3
350300 Aramina,3
350320 Araraquara,1
350335 Arco-Íris,4
350340 Arealva,1
350400 Assis,1
350420 Auriflama,3
350440 Avanhandava,3
350460 Bady Bassitt,3
350470 Balbinos,1
350480 Bálsamo,4
350490 Bananal,1
350510 Barbosa,1
350550 Barretos,3
350560 Barrinha,2
350580 Bastos,4
350590 Batatais,1
350610 Bebedouro,3
350620 Bento de Abreu,3
350630 Bernardino de Campos,1
350640 Bilac,3
350650 Birigui,4
350670 Boa Esperança do Sul,4
350680 Bocaina,1
350690 Bofete,1
350700 Boituva,1
350720 Borá,1
350730 Boracéia,4
350740 Borborema,3
350745 Borebi,2
350760 Bragança Paulista,3
350770 Braúna,2
350775 Brejo Alegre,3
350780 Brodowski,1
350790 Brotas,4
350810 Buritama,3
350820 Buritizal,4
350830 Cabrália Paulista,2
350850 Caçapava,1
350860 Cachoeira Paulista,3
350870 Caconde,3
350880 Cafelândia,4
350890 Caiabu,3
350910 Caiuá,3
350930 Cajobi,3
350940 Cajuru,1
350980 Campos Novos Paulista,2
350995 Canas,2
351000 Cândido Mota,1
351020 Capão Bonito,1
351050 Caraguatatuba,1
351070 Cardoso,3
351100 Castilho,3
351110 Catanduva,4
351120 Catiguá,4
351130 Cedral,3
355720 Chavantes,2
351190 Clementina,1
351200 Colina,3
351210 Colômbia,3
351250 Coroados,3
351290 Cosmorama,4
351310 Cravinhos,2
351320 Cristais Paulista,2
351340 Cruzeiro,1
351350 Cubatão,2
351370 Descalvado,2
351380 Diadema,2
351385 Dirce Reis,3
351400 Dobrada,2
351410 Dois Córregos,1
351420 Dolcinópolis,2
351430 Dourado,1
351440 Dracena,4
351450 Duartina,3
351470 Echaporã,2
351492 Elisiário,3
351495 Embaúba,3
351512 Emilianópolis,3
351515 Engenheiro Coelho,2
351519 Espírito Santo do Turvo,3
355730 Estiva Gerbi,2
351520 Estrela d'Oeste,4
351530 Estrela do Norte,3
351535 Euclides da Cunha Paulista,4
351560 Fernando Prestes,3
351550 Fernandópolis,1
351565 Fernão,1
351580 Flora Rica,3
351590 Floreal,4
351600 Flórida Paulista,2
351610 Florínia,3
351650 Gabriel Monteiro,3
351660 Gália,3
351670 Garça,2
351680 Gastão Vidigal,3
351685 Gavião Peixoto,2
351690 General Salgado,3
351710 Glicério,3
351720 Guaiçara,1
351730 Guaimbê,3
351740 Guaíra,4
351750 Guapiaçu,1
351770 Guará,2
351780 Guaraçaí,4
351790 Guaraci,3
351800 Guarani d'Oeste,4
351810 Guarantã,2
351820 Guararapes,2
351850 Guareí,2
351860 Guariba,1
351870 Guarujá,1
351880 Guarulhos,1
351885 Guatapará,1
351890 Guzolândia,3
351900 Herculândia,2
351910 Iacanga,3
351920 Iacri,2
351930 Ibaté,1
351940 Ibirá,4
351960 Ibitinga,2
351980 Icém,4
351990 Iepê,3
352000 Igaraçu do Tietê,1
352010 Igarapava,1
352030 Iguape,1
352042 Ilha Comprida,1
352044 Ilha Solteira,3
352040 Ilhabela,2
352060 Indiana,3
352070 Indiaporã,3
352080 Inúbia Paulista,2
352100 Iperó,2
352115 Ipiguá,4
352130 Ipuã,3
352150 Irapuã,3
352160 Irapuru,3
352170 Itaberá,1
352190 Itajobi,4
352200 Itaju,3
352240 Itapeva,1
352270 Itápolis,2
352290 Itapuí,2
352300 Itapura,2
352320 Itararé,2
352350 Itatinga,1
352370 Itirapuã,2
352390 Itu,1
352410 Ituverava,3
352420 Jaborandi,2
352430 Jaboticabal,1
352450 Jaci,2
352460 Jacupiranga,1
352480 Jales,4
352510 Jardinópolis,2
352560 João Ramalho,1
352570 José Bonifácio,4
352580 Júlio Mesquita,1
352585 Jumirim,2
352600 Junqueirópolis,3
352610 Juquiá,1
352640 Laranjal Paulista,2
352650 Lavínia,2
352670 Leme,2
352680 Lençóis Paulista,3
352710 Lins,2
352725 Lourdes,3
352740 Lucélia,4
352750 Lucianópolis,3
352760 Luís Antônio,3
352770 Luiziânia,2
352780 Lupércio,1
352790 Lutécia,1
352800 Macatuba,3
352810 Macaubal,1
352820 Macedônia,4
352830 Magda,4
352870 Marabá Paulista,3
352880 Maracaí,2
352885 Marapoama,3
352890 Mariápolis,3
352900 Marília,3
352910 Marinópolis,4
352920 Martinópolis,2
352930 Matão,3
352950 Mendonça,3
352960 Meridiano,3
352965 Mesópolis,3
352970 Miguelópolis,2
353000 Mira Estrela,4
353010 Mirandópolis,3
353020 Mirante do Paranapanema,2
353040 Mirassolândia,3
353050 Mococa,2
353080 Moji Mirim,2
353100 Monções,4
353110 Mongaguá,1
353130 Monte Alto,2
353140 Monte Aprazível,1
353150 Monte Azul Paulista,2
353160 Monte Castelo,3
353180 Monte Mor,2
353190 Morro Agudo,4
353205 Motuca,2
353210 Murutinga do Sul,4
353215 Nantes,1
353220 Narandiba,3
353250 Neves Paulista,1
353260 Nhandeara,2
353270 Nipoã,4
353280 Nova Aliança,2
353284 Nova Canaã Paulista,2
353286 Nova Castilho,3
353290 Nova Europa,3
353300 Nova Granada,4
353310 Nova Guataporanga,4
353320 Nova Independência,3
353330 Nova Luzitânia,2
353325 Novais,4
353350 Novo Horizonte,2
353360 Nuporanga,2
353370 Ocauçu,1
353380 Óleo,2
353390 Olímpia,3
353400 Onda Verde,4
353420 Orindiúva,1
353430 Orlândia,2
353450 Oscar Bressane,4
353460 Osvaldo Cruz,2
353480 Ouro Verde,3
353475 Ouroeste,4
353490 Pacaembu,3
353500 Palestina,3
353510 Palmares Paulista,4
353520 Palmeira d'Oeste,4
353530 Palmital,2
353540 Panorama,4
353550 Paraguaçu Paulista,1
353590 Paranapuã,4
353600 Parapuã,1
353620 Pariquera-Açu,2
353625 Parisi,4
353630 Patrocínio Paulista,2
353640 Paulicéia,1
353657 Paulistânia,2
353660 Paulo de Faria,4
353690 Pedranópolis,3
353715 Pedrinhas Paulista,4
353730 Penápolis,2
353740 Pereira Barreto,3
353750 Pereiras,2
353770 Piacatu,3
353810 Pindorama,2
353830 Piquerobi,4
353850 Piquete,1
353890 Pirajuí,2
353920 Pirapozinho,2
353940 Piratininga,2
353950 Pitangueiras,3
353960 Planalto,4
353970 Platina,4
353990 Poloni,4
354000 Pompéia,4
354010 Pongaí,2
354020 Pontal,2
354025 Pontalinda,3
354030 Pontes Gestal,2
354040 Populina,4
354050 Porangaba,2
354060 Porto Feliz,2
354070 Porto Ferreira,2
354075 Potim,3
354080 Potirendaba,3
354085 Pracinha,2
354090 Pradópolis,2
354100 Praia Grande,2
354105 Pratânia,1
354110 Presidente Alves,2
354120 Presidente Bernardes,2
354130 Presidente Epitácio,2
354150 Presidente Venceslau,3
354160 Promissão,4
354170 Quatá,3
354180 Queiroz,2
354200 Quintana,3
354220 Rancharia,2
354240 Regente Feijó,3
354250 Reginópolis,4
354270 Restinga,2
354310 Ribeirão Corrente,3
354320 Ribeirão do Sul,2
354323 Ribeirão dos Índios,3
354370 Rincão,3
354380 Rinópolis,2
354420 Riolândia,4
354425 Rosana,2
354440 Rubiácea,3
354450 Rubinéia,4
354460 Sabino,1
354470 Sagres,3
354480 Sales,4
354490 Sales Oliveira,1
354510 Salmourão,2
354520 Salto,2
354530 Salto de Pirapora,1
354540 Salto Grande,1
354550 Sandovalina,4
354560 Santa Adélia,1
354570 Santa Albertina,3
354580 Santa Bárbara d'Oeste,1
354610 Santa Clara d'Oeste,4
354620 Santa Cruz da Conceição,4
354625 Santa Cruz da Esperança,1
354660 Santa Fé do Sul,4
354670 Santa Gertrudes,1
354690 Santa Lúcia,2
354710 Santa Mercedes,3
354740 Santa Rita d'Oeste,4
354750 Santa Rita do Passa Quatro,2
354760 Santa Rosa de Viterbo,1
354765 Santa Salete,4
354720 Santana da Ponte Pensa,4
354770 Santo Anastácio,2
354790 Santo Antônio da Alegria,3
354805 Santo Antônio do Aracanguá,3
354830 Santo Expedito,3
354840 Santópolis do Aguapeí,2
354850 Santos,2
354870 São Bernardo do Campo,2
354900 São Francisco,4
354910 São João da Boa Vista,1
354920 São João das Duas Pontes,4
354925 São João de Iracema,3
354930 São João do Pau d'Alho,2
354940 São Joaquim da Barra,2
354950 São José da Bela Vista,1
354980 São José do Rio Preto,1
354990 São José dos Campos,2
355030 São Paulo,2
355050 São Pedro do Turvo,1
355070 São Sebastião,1
355130 Sebastianópolis do Sul,2
355150 Serrana,2
355170 Sertãozinho,2
355180 Sete Barras,2
355190 Severínia,3
355230 Sud Mennucci,4
355255 Suzanápolis,3
355260 Tabapuã,4
355290 Taciba,3
355310 Taiaçu,2
355330 Tambaú,1
355340 Tanabi,4
355360 Tapiratiba,1
355365 Taquaral,2
355370 Taquaritinga,3
355385 Taquarivaí,1
355390 Tarabai,3
355395 Tarumã,3
355400 Tatuí,1
355430 Teodoro Sampaio,2
355440 Terra Roxa,2
355460 Timburi,3
355475 Trabiju,3
355480 Tremembé,2
355490 Três Fronteiras,2
355500 Tupã,2
355510 Tupi Paulista,3
355520 Turiúba,4
355530 Turmalina,4
355535 Ubarana,3
355550 Ubirajara,2
355560 Uchoa,3
355570 União Paulista,4
355580 Urânia,1
355590 Uru,3
355600 Urupês,4
355610 Valentim Gentil,3
355630 Valparaíso,3
355640 Vargem Grande do Sul,3
355660 Vera Cruz,2
355680 Viradouro,3
355690 Vista Alegre do Alto,1
355695 Vitória Brasil,2
355710 Votuporanga,4
355715 Zacarias,4
412862 Alto Paraíso,1
410060 Alto Paraná,3
410070 Alto Piquiri,1
410090 Amaporã,4
410100 Ampére,4
410105 Anahy,3
410165 Arapuã,4
410185 Ariranha do Ivaí,4
410250 Barbosa Ferraz,3
410270 Barra do Jacaré,4
410260 Barracão,2
410275 Bela Vista da Caroba,4
410280 Bela Vista do Paraíso,2
410300 Boa Esperança,3
410305 Boa Vista da Aparecida,3
410315 Bom Jesus do Sul,3
410320 Bom Sucesso,4
410330 Borrazópolis,4
410335 Braganey,2
410337 Brasilândia do Sul,1
410345 Cafelândia,1
410347 Cafezal do Sul,1
410350 Califórnia,1
410360 Cambará,4
410370 Cambé,1
410380 Cambira,4
410450 Capanema,2
410460 Capitão Leônidas Marques,4
410470 Carlópolis,1
410480 Cascavel,3
410530 Céu Azul,3
410660 Cruzeiro do Oeste,1
410685 Cruzmaltina,3
410715 Diamante D'Oeste,1
410710 Diamante do Norte,2
410720 Dois Vizinhos,3
410725 Douradina,2
410753 Entre Rios do Oeste,4
410752 Esperança Nova,1
410770 Fênix,4
410820 Formosa do Oeste,3
410832 Francisco Alves,4
410840 Francisco Beltrão,3
410855 Godoy Moreira,3
410860 Goioerê,3
410870 Grandes Rios,1
410890 Guairaçá,4
410920 Guaraci,1
410930 Guaraniaçu,4
410980 Ibiporã,3
410990 Icaraíma,2
411030 Inajá,4
411060 Iporã,1
411065 Iracema do Oeste,2
411095 Itaipulândia,1
411130 Itaúna do Sul,3
411150 Ivaiporã,3
411155 Ivaté,4
411180 Jacarezinho,1
411190 Jaguapitã,4
411210 Jandaia do Sul,1
411220 Janiópolis,3
411250 Jardim Alegre,3
411260 Jardim Olinda,1
411280 Joaquim Távora,1
411295 Juranda,3
411310 Kaloré,3
411330 Laranjeiras do Sul,1
411342 Lidianópolis,3
411345 Lindoeste,2
411375 Lunardelli,3
411380 Lupionópolis,2
411400 Mamborê,3
411450 Manoel Ribas,4
411460 Marechal Cândido Rondon,2
411470 Maria Helena,4
411500 Marilena,1
411510 Mariluz,4
411535 Maripá,4
411540 Marmeleiro,4
411550 Marumbi,2
411560 Matelândia,1
411573 Mato Rico,2
411585 Mercedes,3
411590 Mirador,2
411605 Missal,2
411650 Nova Aliança do Ivaí,3
411670 Nova Aurora,1
411705 Nova Laranjeiras,2
411710 Nova Londrina,2
411720 Nova Olímpia,4
411722 Nova Santa Rosa,2
411727 Nova Tebas,4
411729 Novo Itacolomi,4
411790 Palotina,4
411800 Paraíso do Norte,3
411830 Paranapoema,4
411840 Paranavaí,2
411845 Pato Bragado,4
411880 Peabiru,2
411885 Perobal,4
411890 Pérola,4
411970 Planaltina do Paraná,3
411980 Planalto,2
412000 Porecatu,4
412020 Porto Rico,4
412035 Pranchita,3
412085 Quatro Pontes,4
412100 Querência do Norte,1
412110 Quinta do Sol,4
412130 Rancho Alegre,3
412140 Realeza,2
412180 Ribeirão Claro,2
412210 Rio Bom,1
412217 Rio Branco do Ivaí,3
412250 Roncador,3
412265 Rosário do Ivaí,3
412270 Sabáudia,4
412300 Salto do Lontra,3
412310 Santa Amélia,2
412330 Santa Cruz de Monte Castelo,1
412370 Santa Isabel do Ivaí,2
412380 Santa Izabel do Oeste,3
412385 Santa Maria do Oeste,3
412395 Santa Mônica,4
412402 Santa Tereza do Oeste,4
412420 Santo Antônio do Caiuá,2
412440 Santo Antônio do Sudoeste,4
412460 São Carlos do Ivaí,3
412470 São Jerônimo da Serra,2
412490 São João do Caiuá,4
412500 São João do Ivaí,3
412535 São Jorge do Patrocínio,4
412545 São José das Palmeiras,1
412575 São Pedro do Iguaçu,4
412580 São Pedro do Ivaí,1
412590 São Pedro do Paraná,4
412635 Serranópolis do Iguaçu,3
412650 Sertanópolis,3
412670 Tamboara,1
412690 Tapira,1
412720 Terra Boa,4
412730 Terra Rica,3
412740 Terra Roxa,3
412750 Tibagi,1
412780 Tomazina,2
412785 Três Barras do Paraná,3
412800 Ubiratã,2
412810 Umuarama,2
412855 Vera Cruz do Oeste,2
412850 Wenceslau Braz,3
420420 Chapecó,1
430005 Água Santa,4
430020 Ajuricaba,3
430030 Alecrim,1
430045 Alegria,4
430050 Alpestre,2
430060 Alvorada,1
430150 Augusto Pestana,2
430190 Barra do Ribeiro,1
430220 Boa Vista do Buricá,4
430250 Bossoroca,1
430340 Caiçara,1
430370 Campina das Missões,3
430380 Campinas do Sul,2
430430 Cândido Godói,4
430470 Carazinho,4
430510 Caxias do Sul,4
430520 Cerro Largo,4
430530 Chapada,2
430550 Ciríaco,3
430580 Constantina,1
430590 Coronel Bicaco,2
430600 Crissiumal,4
430610 Cruz Alta,3
430673 Doutor Maurício Cardoso,4
430700 Erechim,4
430720 Erval Grande,3
430783 Eugênio de Castro,1
430790 Farroupilha,4
430890 Getúlio Vargas,3
430900 Giruá,1
430920 Gravataí,4
430930 Guaíba,1
430960 Horizontina,3
431020 Ijuí,4
431041 Inhacorá,3
431050 Iraí,3
431065 Itati,3
431090 Jacutinga,3
431130 Lagoa Vermelha,1
431171 Maçambará,2
431180 Marau,4
431190 Marcelino Ramos,3
431217 Mato Queimado,4
431240 Montenegro,4
431265 Não-Me-Toque,4
431340 Novo Hamburgo,2
431342 Novo Machado,3
431370 Palmeira das Missões,3
431410 Passo Fundo,4
431440 Pelotas,2
431455 Pirapó,4
431500 Porto Lucena,4
431510 Porto Xavier,4
431530 Quaraí,1
431531 Quatro Irmãos,2
431560 Rio Grande,2
431647 Salvador das Missões,4
431710 Sant'Ana do Livramento,1
431720 Santa Rosa,3
431750 Santo Ângelo,2
431780 Santo Augusto,3
431790 Santo Cristo,4
431800 São Borja,3
431810 São Francisco de Assis,2
431830 São Gabriel,3
431849 São José do Inhacorá,4
431870 São Leopoldo,1
431890 São Luiz Gonzaga,3
431920 São Nicolau,4
431930 São Paulo das Missões,4
431990 Sapiranga,2
432032 Senador Salgado Filho,4
432050 Sertão,2
432057 Sete de Setembro,4
432080 Soledade,4
432090 Tapejara,4
432160 Tramandaí,2
432180 Três de Maio,3
432190 Três Passos,1
432195 Trindade do Sul,2
432230 Tuparendi,4
432240 Uruguaiana,2
432250 Vacaria,4
432260 Venâncio Aires,1
432300 Viamão,2
432310 Vicente Dutra,1
500020 Água Clara,3
500025 Alcinópolis,2
500060 Amambai,4
500070 Anastácio,3
500080 Anaurilândia,4
500085 Angélica,3
500090 Antônio João,3
500100 Aparecida do Taboado,4
500110 Aquidauana,4
500124 Aral Moreira,4
500190 Bataguassu,4
500200 Batayporã,4
500210 Bela Vista,3
500215 Bodoquena,4
500220 Bonito,4
500230 Brasilândia,4
500240 Caarapó,4
500260 Camapuã,4
500270 Campo Grande,2
500280 Caracol,4
500290 Cassilândia,2
500295 Chapadão do Sul,4
500310 Corguinho,2
500315 Coronel Sapucaia,4
500320 Corumbá,4
500325 Costa Rica,4
500330 Coxim,1
500345 Deodápolis,4
500348 Dois Irmãos do Buriti,3
500350 Douradina,2
500370 Dourados,4
500375 Eldorado,4
500380 Fátima do Sul,2
500390 Figueirão,1
500400 Glória de Dourados,3
500410 Guia Lopes da Laguna,4
500430 Iguatemi,4
500440 Inocência,4
500450 Itaporã,4
500460 Itaquiraí,4
500470 Ivinhema,4
500480 Japorã,4
500490 Jaraguari,1
500500 Jardim,4
500510 Jateí,4
500515 Juti,4
500520 Ladário,4
500525 Laguna Carapã,4
500540 Maracaju,3
500560 Miranda,4
500568 Mundo Novo,3
500570 Naviraí,4
500580 Nioaque,4
500600 Nova Alvorada do Sul,4
500620 Nova Andradina,4
500625 Novo Horizonte do Sul,4
500627 Paraíso das Águas,3
500630 Paranaíba,4
500635 Paranhos,4
500640 Pedro Gomes,4
500660 Ponta Porã,4
500690 Porto Murtinho,4
500710 Ribas do Rio Pardo,4
500720 Rio Brilhante,3
500730 Rio Negro,4
500740 Rio Verde de Mato Grosso,4
500750 Rochedo,1
500755 Santa Rita do Pardo,4
500769 São Gabriel do Oeste,4
500780 Selvíria,4
500770 Sete Quedas,4
500790 Sidrolândia,4
500793 Sonora,3
500795 Tacuru,4
500797 Taquarussu,3
500800 Terenos,4
500830 Três Lagoas,3
500840 Vicentina,4
510010 Acorizal,3
510020 Água Boa,4
510025 Alta Floresta,4
510030 Alto Araguaia,4
510035 Alto Boa Vista,4
510040 Alto Garças,4
510060 Alto Taquari,4
510080 Apiacás,4
510100 Araguaiana,4
510120 Araguainha,3
510130 Arenápolis,4
510140 Aripuanã,2
510170 Barra do Bugres,4
510180 Barra do Garças,3
510190 Brasnorte,2
510250 Cáceres,1
510263 Campo Novo do Parecis,2
510267 Campo Verde,1
510269 Canabrava do Norte,3
510270 Canarana,3
510279 Carlinda,4
510285 Castanheira,4
510300 Chapada dos Guimarães,1
510305 Cláudia,4
510310 Cocalinho,4
510320 Colíder,2
510325 Colniza,4
510335 Confresa,2
510337 Cotriguaçu,1
510340 Cuiabá,3
510345 Denise,4
510350 Diamantino,2
510360 Dom Aquino,4
510370 Feliz Natal,4
510385 Gaúcha do Norte,3
510390 General Carneiro,2
510395 Glória D'Oeste,3
510410 Guarantã do Norte,4
510452 Ipiranga do Norte,4
510454 Itanhangá,2
510455 Itaúba,4
510460 Itiquira,4
510480 Jaciara,4
510490 Jangada,3
510510 Juara,3
510517 Juruena,4
510520 Juscimeira,4
510523 Lambari D'Oeste,1
510525 Lucas do Rio Verde,4
510530 Luciara,4
510558 Marcelândia,4
510560 Matupá,4
510562 Mirassol d'Oeste,1
510600 Nortelândia,3
510610 Nossa Senhora do Livramento,2
510615 Nova Bandeirantes,4
510620 Nova Brasilândia,4
510621 Nova Canaã do Norte,4
510880 Nova Guarita,3
510885 Nova Marilândia,3
510890 Nova Maringá,1
510895 Nova Monte Verde,3
510622 Nova Mutum,4
510624 Nova Ubiratã,1
510625 Nova Xavantina,4
510626 Novo Mundo,4
510631 Novo Santo Antônio,4
510628 Novo São Joaquim,4
510629 Paranaíta,4
510630 Paranatinga,4
510637 Pedra Preta,4
510642 Peixoto de Azevedo,4
510645 Planalto da Serra,2
510650 Poconé,4
510665 Pontal do Araguaia,4
510670 Ponte Branca,4
510677 Porto Alegre do Norte,3
510680 Porto dos Gaúchos,3
510700 Poxoréo,2
510704 Primavera do Leste,4
510706 Querência,2
510715 Reserva do Cabaçal,2
510718 Ribeirão Cascalheira,3
510719 Ribeirãozinho,4
510720 Rio Branco,2
510760 Rondonópolis,3
510775 Salto do Céu,1
510724 Santa Carmem,2
510774 Santa Cruz do Xingu,1
510776 Santa Rita do Trivelato,1
510777 Santa Terezinha,2
510779 Santo Antônio do Leste,2
510780 Santo Antônio do Leverger,1
510785 São Félix do Araguaia,4
510729 São José do Povo,4
510730 São José do Rio Claro,3
510735 São José do Xingu,2
510710 São José dos Quatro Marcos,2
510740 São Pedro da Cipa,2
510787 Sapezal,1
510792 Sorriso,3
510795 Tangará da Serra,1
510800 Tapurah,2
510810 Tesouro,2
510820 Torixoréu,3
510830 União do Sul,3
510840 Várzea Grande,1
510860 Vila Rica,2
520005 Abadia de Goiás,4
520010 Abadiânia,4
520015 Adelândia,2
520017 Água Fria de Goiás,1
520020 Água Limpa,3
520030 Alexânia,1
520050 Aloândia,3
520055 Alto Horizonte,4
520082 Amaralina,3
520090 Amorinópolis,4
520110 Anápolis,3
520120 Anhanguera,4
520130 Anicuns,4
520140 Aparecida de Goiânia,1
520145 Aparecida do Rio Doce,4
520150 Aporé,3
520160 Araçu,2
520170 Aragarças,2
520180 Aragoiânia,2
520215 Araguapaz,2
520235 Arenópolis,4
520250 Aruanã,1
520260 Aurilândia,4
520280 Avelinópolis,4
520310 Baliza,4
520320 Barro Alto,2
520330 Bela Vista de Goiás,2
520340 Bom Jardim de Goiás,4
520350 Bom Jesus de Goiás,2
520355 Bonfinópolis,3
520357 Bonópolis,4
520360 Brazabrantes,4
520380 Britânia,2
520390 Buriti Alegre,3
520393 Buriti de Goiás,4
520396 Buritinópolis,3
520400 Cabeceiras,4
520410 Cachoeira Alta,3
520420 Cachoeira de Goiás,4
520425 Cachoeira Dourada,1
520430 Caçu,2
520440 Caiapônia,2
520455 Caldazinha,4
520460 Campestre de Goiás,1
520465 Campinaçu,4
520470 Campinorte,4
520480 Campo Alegre de Goiás,3
520485 Campo Limpo de Goiás,4
520490 Campos Belos,3
520495 Campos Verdes,3
520500 Carmo do Rio Verde,4
520505 Castelândia,1
520510 Catalão,1
520520 Caturaí,4
520530 Cavalcante,2
520540 Ceres,3
520547 Chapadão do Céu,4
520551 Cocalzinho de Goiás,4
520570 Córrego do Ouro,4
520580 Corumbá de Goiás,4
520590 Corumbaíba,4
520630 Cristianópolis,3
520640 Crixás,3
520650 Cromínia,3
520660 Cumari,3
520670 Damianópolis,2
520680 Damolândia,2
520690 Davinópolis,4
520710 Diorama,4
520830 Divinópolis de Goiás,1
520725 Doverlândia,4
520740 Edéia,4
520750 Estrela do Norte,3
520753 Faina,3
520760 Fazenda Nova,4
520780 Firminópolis,3
520790 Flores de Goiás,4
520810 Formoso,3
520815 Gameleira de Goiás,4
520840 Goianápolis,4
520850 Goiandira,4
520860 Goianésia,1
520880 Goianira,2
520890 Goiás,3
520910 Goiatuba,3
520915 Gouvelândia,1
520920 Guapó,4
520929 Guaraíta,4
520940 Guarani de Goiás,3
520945 Guarinos,3
520960 Heitoraí,4
520970 Hidrolândia,4
520980 Hidrolina,3
520993 Inaciolândia,4
521000 Inhumas,4
521010 Ipameri,1
521015 Ipiranga de Goiás,4
521030 Israelândia,4
521040 Itaberaí,2
521056 Itaguari,4
521060 Itaguaru,2
521080 Itajá,4
521090 Itapaci,3
521100 Itapirapuã,4
521120 Itapuranga,4
521130 Itarumã,4
521140 Itauçu,4
521160 Ivolândia,1
521170 Jandaia,2
521180 Jaraguá,4
521190 Jataí,4
521200 Jaupaci,4
521205 Jesúpolis,4
521210 Joviânia,4
521220 Jussara,4
521225 Lagoa Santa,4
521230 Leopoldo de Bulhões,4
521260 Mairipotaba,4
521290 Marzagão,4
521295 Matrinchã,4
521300 Maurilândia,3
521308 Minaçu,3
521340 Moiporá,1
521350 Monte Alegre de Goiás,4
521370 Montes Claros de Goiás,4
521375 Montividiu,4
521380 Morrinhos,3
521385 Morro Agudo de Goiás,3
521390 Mossâmedes,2
521400 Mozarlândia,4
521405 Mundo Novo,4
521410 Mutunópolis,4
521440 Nazário,1
521470 Nova América,4
521480 Nova Aurora,4
521483 Nova Crixás,4
521486 Nova Glória,4
521487 Nova Iguaçu de Goiás,1
521500 Nova Veneza,3
521520 Novo Brasil,3
521525 Novo Planalto,1
521530 Orizona,4
521540 Ouro Verde de Goiás,3
521550 Ouvidor,4
521560 Padre Bernardo,3
521565 Palestina de Goiás,3
521570 Palmeiras de Goiás,1
521580 Palmelo,1
521600 Panamá,4
521630 Paranaiguara,2
521640 Paraúna,4
521645 Perolândia,1
521680 Petrolina de Goiás,2
521690 Pilar de Goiás,4
521720 Piranhas,4
521730 Pirenópolis,1
521740 Pires do Rio,3
521770 Pontalina,4
521800 Porangatu,4
521805 Porteirão,4
521810 Portelândia,4
521830 Posse,1
521839 Professor Jamil,1
521860 Rialma,4
521870 Rianápolis,4
521878 Rio Quente,1
521880 Rio Verde,1
521890 Rubiataba,3
521900 Sanclerlândia,4
521910 Santa Bárbara de Goiás,3
521920 Santa Cruz de Goiás,2
521925 Santa Fé de Goiás,3
521930 Santa Helena de Goiás,2
521935 Santa Isabel,4
521940 Santa Rita do Araguaia,4
521945 Santa Rita do Novo Destino,1
521950 Santa Rosa de Goiás,4
521960 Santa Tereza de Goiás,4
521970 Santa Terezinha de Goiás,3
521971 Santo Antônio da Barra,2
521973 Santo Antônio de Goiás,4
521990 São Francisco de Goiás,2
522000 São João d'Aliança,3
522005 São João da Paraúna,4
522010 São Luís de Montes Belos,4
522020 São Miguel do Araguaia,4
522026 São Miguel do Passa Quatro,2
522028 São Patrício,4
522040 São Simão,4
522045 Senador Canedo,3
522050 Serranópolis,3
522060 Silvânia,2
522068 Simolândia,2
522070 Sítio d'Abadia,2
522100 Taquaral de Goiás,4
522119 Terezópolis de Goiás,3
522130 Três Ranchos,4
522140 Trindade,4
522145 Trombas,2
522150 Turvânia,4
522155 Turvelândia,4
522157 Uirapuru,2
522160 Uruaçu,1
522170 Uruana,4
522180 Urutaí,2
522190 Varjão,2
522200 Vianópolis,1
522205 Vicentinópolis,4
522220 Vila Boa,2
522230 Vila Propício,2
